Adam Caldwell,adam.caldwell@gmail.com
Adina Howe,adina@iastate.edu
Aditi Gupta,aditi9783@gmail.com
Alex Hyer,theonehyer@gmail.com
Alexander Johan Nederbragt,lex.nederbragt@ibv.uio.no
Ali Aliyari,aaliyari@ucdavis.edu
Amanda Charbonneau,charbo24@msu.edu
Andreas Härpfer,ahaerpfer@gmail.com
Bede Constantinides,bede.constantinides@manchester.ac.uk
Benjamin Taylor,taylo886@msu.edu
Brian Wyss,wyssbria@msu.edu
Cait Sydney,caitsydney@gmail.com
Camille Scott,camille.scott.w@gmail.com
Charles Pepe-Ranney,chuck.peperanney@gmail.com
Connor T. Skennerton,c.skennerton@gmail.com
David Lin,dave@verdematics.com
Elmar Bucher,buchere@ohsu.edu
Eric McDonald,em@msu.edu
Erich Schwarz,ems394@cornell.edu
Greg Edvenson,greg@edvenson.com
Heather L. Wiencko,wienckhl@tcd.ie
Humberto Ortiz-Zuazaga,humberto.ortiz@upr.edu
Hussien F. Alameldin,hussien@msu.edu
Iván González,igonzalez@mailaps.org
Jacob Fenton,bocajnotnef@gmail.com
James A. Stapleton,jas@msu.edu
James Spencer,james.s.spencer@gmail.com
Jared Simpson,jared.simpson@oicr.on.ca
Jason Pell,jason.pell@gmail.com
Jeramia Ory,Jeramia.Ory@stlcop.edu
Jessica Mizzi,mizzijes@msu.edu
Jiarong Guo,guojiaro@gmail.com
Joe Stein,joeaarons@gmail.com
Jonathan Gluck,jdg@cs.umd.edu
Jordan Fish,jrdn.fish@gmail.com
Joshua R. Herr,joshua.r.herr@gmail.com
Joshua R. Nahum,joshnahum@gmail.com
Josiah Seaman,josiah@dnaskittle.com
Justin Lippi,jlippi@gmail.com
Kaben Nanlohy,kaben.nanlohy@gmail.com
Kevin D. Murray,kevin.murray@anu.edu.au
Leonor Garcia-Gutierrez,l.garcia-gutierrez@warwick.ac.uk
Lisa Cohen,ljcohen@ucdavis.edu
Luiz Irber,luiz.irber@gmail.com
Michael R. Crusoe,crusoe@ucdavis.edu
Michael Wright,wrigh517@gmail.com
Nicole Kingsley,nbkingsley@ucdavis.edu
Pamela McA'Nulty,pamela@addgene.org
Phillip Garland,pgarland@gmail.com
Qingpeng Zhang,qingpeng@gmail.com
Ramakrishnan Srinivasan,ramrs@nyu.edu
Reed Cartwright,cartwright@asu.edu
Rhys Kidd,rhyskidd@gmail.com
Russell Neches,russell@vort.org
Ryan Shean,ryanshean1@gmail.com
Sarah Guermond,sarah.guermond@gmail.com
Sascha Steinbiss,satta@debian.org
Scott Fay,scott.a.fay@gmail.com
Scott Sievert,sieve121@umn.edu
Shannon EK Joslin,sejoslin@ucdavis.edu
Sherine Awad,drmahmoud@ucdavis.edu
Susan R Steinman,susan.steinman@gmail.com
Tamer Mansour,drtamermansour@gmail.com
Thomas Fenzl,thomas.fenzl@gmx.net
Tim Head,betatim@gmail.com
Will Trimble,trimble@anl.gov
Zachary N Russ,zachary.n.russ@gmail.com
en zyme,en_zyme@outlook.com
